Teams,ECubes,ECones,Mid Cone,UpperCone,Lower Cone,Upper Cube,Mid Cube,Lower Cube,Tele-op opr,Auto opr,Robots Balanced
4903,0.0,0.0,0.25,0.5,0.375,0.0,0.0,0.625,1.25,0.15625,0.0
772,0.0,0.0,0.0,0.0,0.0,1.571044921875,1.571044921875,1.285400390625,1.25,0.15625,0.142822265625
772,0.0,0.0,0.0,0.0,0.0,1.571044921875,1.571044921875,1.285400390625,1.25,0.15625,0.142822265625
772,0.0,0.0,0.0,0.0,0.0,1.571044921875,1.571044921875,1.285400390625,1.25,0.15625,0.142822265625
772,0.0,0.0,0.0,0.0,0.0,1.571044921875,1.571044921875,1.285400390625,1.25,0.15625,0.142822265625
